,full_name,username,age_criteria
0,LilahSzymanek,LilaSzym,middle_age
1,AllisonIzon,AlliIzon,middle_age
2,MelisendaAspell,MeliAspe,middle_age
3,DolliFerenczi,DollFere,middle_age
4,JoeHarrington,JoeHarr,middle_age
5,KennethGarnson,KennGarn,middle_age
6,LemRopars,LemRopa,middle_age
7,YoshikoBrampton,YoshBram,middle_age
8,CesarLeimster,CesaLeim,middle_age
9,PeteyBockmann,PeteBock,middle_age
10,TaddeoWards,TaddWard,middle_age
11,DarellBuzek,DareBuze,middle_age
12,GaylerConichie,GaylConi,middle_age
13,AshlyCeland,AshlCela,middle_age
14,LilianGateman,LiliGate,middle_age
15,MelanieRudman,MelaRudm,middle_age
16,HettiBaltrushaitis,HettBalt,middle_age
17,EmiliCuardall,EmilCuar,middle_age
18,TimmyJuckes,TimmJuck,middle_age
19,BeauregardHugle,BeauHugl,middle_age
20,ElseyDanson,ElseDans,middle_age
21,MetaVallow,MetaVall,middle_age
22,NessaYouster,NessYous,middle_age
23,SandeSkelton,SandSkel,middle_age
24,HaletteIssit,HaleIssi,middle_age
25,FeleciaSimonetti,FeleSimo,middle_age
26,FinleyIzachik,FinlIzac,middle_age
27,ShawnOsgodby,ShawOsgo,middle_age
28,WiloneIacomelli,WiloIaco,middle_age
29,BronGreguoli,BronGreg,middle_age
30,RaslaBertelsen,RaslBert,middle_age
31,LeifBalke,LeifBalk,middle_age
32,CindaLainton,CindLain,middle_age
33,JemmieDodd,JemmDodd,middle_age
34,LuelleMcClounan,LuelMcCl,middle_age
35,JackieMunkley,JackMunk,middle_age
36,CobbieHalburton,CobbHalb,middle_age
37,KaraleeDavidek,KaraDavi,middle_age
38,StewardNormington,StewNorm,middle_age
39,KittieFirbanks,KittFirb,middle_age
40,TriciaSagar,TricSaga,middle_age
41,MadonnaGraine,MadoGrai,middle_age
42,VandaRopp,VandRopp,middle_age
43,BrideTyreman,BridTyre,middle_age
44,BatholomewScotter,BathScot,middle_age
45,DoniaBladon,DoniBlad,middle_age
46,BrianaAttock,BriaAtto,middle_age
47,ClerissaDwelley,ClerDwel,middle_age
48,RonniGockeler,RonnGock,middle_age
49,JonahWeems,JonaWeem,middle_age
50,BeauregardForm,BeauForm,middle_age
51,BonifaceMcNay,BoniMcNa,middle_age
52,BenniCoatman,BennCoat,middle_age
53,CorillaTruckell,CoriTruc,middle_age
54,GrahamWalkingshaw,GrahWalk,middle_age
55,VerneyBenoix,VernBeno,middle_age
56,MissieDunk,MissDunk,middle_age
57,AsaJaniszewski,AsaJani,middle_age
58,DanikaNelsey,DaniNels,middle_age
59,RollinsWenban,RollWenb,middle_age
60,BlytheNealey,BlytNeal,middle_age
61,MerissaJakaway,MeriJaka,middle_age
62,ValGothrup,ValGoth,middle_age
63,FranzDamrell,FranDamr,middle_age
64,NicoWalrond,NicoWalr,middle_age
65,SawyerKiehl,SawyKieh,middle_age
66,NancieSelland,NancSell,middle_age
67,EddyFlintoff,EddyFlin,middle_age
68,AshlenAbrahamson,AshlAbra,middle_age
69,SelenaAberdalgy,SeleAber,middle_age
70,MelamieMillership,MelaMill,middle_age
71,EdgardOvise,EdgaOvis,middle_age
72,ValareeStrass,ValaStra,middle_age
73,EddiIvanyushkin,EddiIvan,middle_age
74,OliveroHambrick,OlivHamb,middle_age
75,WindhamYakubovich,WindYaku,middle_age
76,SelbyPawsey,SelbPaws,middle_age
77,ArlueneDesbrow,ArluDesb,middle_age
78,HilleryBlucher,HillBluc,middle_age
79,HalseySlaughter,HalsSlau,middle_age
80,EmeldaJaram,EmelJara,middle_age
81,DotiGowrich,DotiGowr,middle_age
82,LombardCess,LombCess,middle_age
83,BessMassimi,BessMass,middle_age
84,NanineKennet,NaniKenn,middle_age
85,ShelbyToll,ShelToll,middle_age
86,KarlanLukas,KarlLuka,middle_age
87,HarleyCurphey,HarlCurp,middle_age
88,CharoDe Bruyne,CharDe B,middle_age
89,KatherynFerrarello,KathFerr,middle_age
90,DannyAris,DannAris,middle_age
91,VereneIlyas,VereIlya,middle_age
92,LeonerdMcGenn,LeonMcGe,middle_age
93,ChristianoEnderson,ChriEnde,middle_age
94,ArtusDrinkhill,ArtuDrin,middle_age
95,DonnieMcParland,DonnMcPa,middle_age
96,TybaltMacBean,TybaMacB,middle_age
97,DiannaRutgers,DianRutg,middle_age
98,ElkeMalthouse,ElkeMalt,middle_age
99,LaineyFulep,LainFule,middle_age
100,DmitriElmhirst,DmitElmh,middle_age
101,AlamedaSpileman,AlamSpil,middle_age
102,GustavoPhillipps,GustPhil,middle_age
103,AnnabelleScanlon,AnnaScan,middle_age
104,GabeyCarss,GabeCars,middle_age
105,TrevarO'Mullaney,TrevO'Mu,middle_age
106,ChristelLorant,ChriLora,middle_age
107,SheelaRoeby,SheeRoeb,middle_age
108,HildagardeChstney,HildChst,middle_age
109,HaleBrockway,HaleBroc,middle_age
110,BentonSlixby,BentSlix,middle_age
111,GwennethCarolan,GwenCaro,middle_age
112,MilHospital,MilHosp,middle_age
113,MashaCraighall,MashCrai,middle_age
114,DomingoDurbin,DomiDurb,middle_age
115,LeeannFitchen,LeeaFitc,middle_age
116,KarlieBellson,KarlBell,middle_age
117,FayetteCranson,FayeCran,middle_age
118,DeaneKilrow,DeanKilr,middle_age
119,PearleViant,PearVian,middle_age
120,DolfBehan,DolfBeha,middle_age
121,LydiaRichings,LydiRich,middle_age
122,DerrikKinzel,DerrKinz,middle_age
123,DenyGailor,DenyGail,middle_age
124,HannahEccles,HannEccl,middle_age
125,BurchBrainsby,BurcBrai,middle_age
126,FelicIbbs,FeliIbbs,middle_age
127,MoraLingner,MoraLing,middle_age
128,ErlTichner,ErlTich,middle_age
129,BeilulLevecque,BeilLeve,middle_age
130,AlayneMcKennan,AlayMcKe,middle_age
131,HendrickCogswell,HendCogs,middle_age
132,EllisDanielsen,ElliDani,middle_age
133,WaylandKummerlowe,WaylKumm,middle_age
134,AmitieConrath,AmitConr,middle_age
135,LizaDecker,LizaDeck,middle_age
136,LibbyTumbelty,LibbTumb,middle_age
137,GarnetMingame,GarnMing,middle_age
138,OllyMacChaell,OllyMacC,middle_age
139,SunnyBottleson,SunnBott,middle_age
140,CarrieFaiers,CarrFaie,middle_age
141,TerenceDerdes,TereDerd,middle_age
142,SelenaManlow,SeleManl,middle_age
143,LoreePavis,LorePavi,middle_age
144,MalyndaStillmann,MalyStil,middle_age
145,JaquenettaBonnet,JaquBonn,middle_age
146,MarcelleComar,MarcComa,middle_age
147,LeeannRasper,LeeaRasp,middle_age
148,MaddieBellin,MaddBell,middle_age
149,LuciJordon,LuciJord,middle_age
150,RonicaMonshall,RoniMons,middle_age
151,CornyRadbourn,CornRadb,middle_age
152,ZilviaCorke,ZilvCork,middle_age
153,TabbieDjurdjevic,TabbDjur,middle_age
154,AlexisBranthwaite,AlexBran,middle_age
155,GiuliaBlinman,GiulBlin,middle_age
156,LarineTratton,LariTrat,middle_age
157,TomlinCunney,TomlCunn,middle_age
158,RoryTirte,RoryTirt,middle_age
159,GianniClere,GianCler,middle_age
160,ThurstanPingston,ThurPing,middle_age
161,HymanEastham,HymaEast,middle_age
162,MufiGodbald,MufiGodb,middle_age
163,ShelArnley,ShelArnl,middle_age
164,DanitSaffin,DaniSaff,middle_age
165,EmmyCoward,EmmyCowa,middle_age
166,VinTheaker,VinThea,middle_age
167,TristaBrewett,TrisBrew,middle_age
168,WaverleyFoldes,WaveFold,middle_age
169,JaymeeLatty,JaymLatt,middle_age
170,LeonoreLauritsen,LeonLaur,middle_age
171,UmekoLeake,UmekLeak,middle_age
172,WilliKaradzas,WillKara,middle_age
173,AugustoHyett,AuguHyet,middle_age
174,LaneySallier,LaneSall,middle_age
175,HerveyHammett,HervHamm,middle_age
176,MoyraHayle,MoyrHayl,middle_age
177,PaulettaTytherton,PaulTyth,middle_age
178,PateBerzins,PateBerz,middle_age
179,EganLambard,EganLamb,middle_age
180,MadalynReggiani,MadaRegg,middle_age
181,ToreUpwood,ToreUpwo,middle_age
182,JeannaLaming,JeanLami,middle_age
183,TishaMenham,TishMenh,middle_age
184,GeriDaglish,GeriDagl,middle_age
185,EllynnRhodef,EllyRhod,middle_age
186,SabinaHastwell,SabiHast,middle_age
187,CosKornas,CosKorn,middle_age
188,WolfBlastock,WolfBlas,middle_age
189,AliciaBelfit,AlicBelf,middle_age
190,ValerySeabert,ValeSeab,middle_age
191,LibNaseby,LibNase,middle_age
192,DaffieRosendall,DaffRose,middle_age
193,BrandaisYouings,BranYoui,middle_age
194,LauretteLumpkin,LaurLump,middle_age
195,AldousCairns,AldoCair,middle_age
196,SharlaVanyushkin,SharVany,middle_age
197,AdoreCryer,AdorCrye,middle_age
198,CristinCranham,CrisCran,middle_age
199,JarridPhonix,JarrPhon,middle_age
200,ThatchJarratt,ThatJarr,middle_age
201,DalstonWandrach,DalsWand,middle_age
202,HerrickMusselwhite,HerrMuss,middle_age
203,HonoriaBrusle,HonoBrus,middle_age
204,JockoAhlin,JockAhli,middle_age
205,LexyDundendale,LexyDund,middle_age
206,RoselleGindghill,RoseGind,middle_age
207,ZoranaConstanza,ZoraCons,middle_age
208,ToiboidDradey,ToibDrad,middle_age
209,GiseleVian,GiseVian,middle_age
210,JdavieStooders,JdavStoo,middle_age
211,MilenaIacobetto,MileIaco,middle_age
212,Miof melaAvarne,MiofAvar,middle_age
213,BironWimpey,BiroWimp,middle_age
214,MortenJoly,MortJoly,middle_age
215,KarenNicholas,KareNich,middle_age
216,LebbieRilston,LebbRils,middle_age
217,MeaganWhatley,MeagWhat,middle_age
218,LenkaIacobacci,LenkIaco,middle_age
219,DaciaLongrigg,DaciLong,middle_age
220,CaritaLilleyman,CariLill,middle_age
221,SalvidorWinckle,SalvWinc,middle_age
222,RoriStanier,RoriStan,middle_age
223,TonyStreets,TonyStre,middle_age
224,LynseyBeeton,LynsBeet,middle_age
225,WeylinCockburn,WeylCock,middle_age
226,CaseyMeharg,CaseMeha,middle_age
227,ChristySennett,ChriSenn,middle_age
228,RobinetteBon,RobiBon,middle_age
229,EnochGorini,EnocGori,middle_age
230,RuprechtStirrup,RuprStir,middle_age
231,EloraHarmer,ElorHarm,middle_age
232,MauriseDupree,MaurDupr,middle_age
233,ViteLerohan,ViteLero,middle_age
234,IdellKas,IdelKas,middle_age
235,PierreAcock,PierAcoc,middle_age
236,EnrikaGreenland,EnriGree,middle_age
237,FiannMarzelo,FianMarz,middle_age
238,MerseyViggars,MersVigg,middle_age
239,StephenPhillp,StepPhil,middle_age
240,TannieRadband,TannRadb,middle_age
241,VanniCamel,VannCame,middle_age
242,KamillahMcettrick,KamiMcet,middle_age
243,SuzannaSeal,SuzaSeal,middle_age
244,SusanHuckerbe,SusaHuck,middle_age
245,SilvanoBamber,SilvBamb,middle_age
246,ChrisDuckers,ChriDuck,middle_age
247,NattyAgnew,NattAgne,middle_age
248,TyneMerigon,TyneMeri,middle_age
249,KirstenDe Beneditti,KirsDe B,middle_age
250,DenysSamudio,DenySamu,middle_age
251,AsherGlasman,AsheGlas,middle_age
252,BrigidFreckleton,BrigFrec,middle_age
253,AndrosPranger,AndrPran,middle_age
254,HumfriedMcRonald,HumfMcRo,middle_age
255,ThedrickPeirone,ThedPeir,middle_age
256,BrierPell,BriePell,middle_age
257,WaylandGooddie,WaylGood,middle_age
258,JorgeJanku,JorgJank,middle_age
259,GifferCyster,GiffCyst,middle_age
260,ClarestaArnow,ClarArno,middle_age
261,AloinDizlie,AloiDizl,middle_age
262,EtheSummerley,EtheSumm,middle_age
263,MoiraHearson,MoirHear,middle_age
264,CalleyGlaserman,CallGlas,middle_age
265,ElwoodDunstan,ElwoDuns,middle_age
266,StevanaKleinzweig,StevKlei,middle_age
267,NevsaLeijs,NevsLeij,middle_age
268,CherCheeseman,CherChee,middle_age
269,PanchitoFenner,PancFenn,middle_age
270,TammaraBramelt,TammBram,middle_age
271,IrvinSaywood,IrviSayw,middle_age
272,PatAukland,PatAukl,middle_age
273,NaneteRosten,NaneRost,middle_age
274,LoraleeStrainge,LoraStra,middle_age
275,DougieDe la croix,DougDe l,middle_age
276,BlanchaOverill,BlanOver,middle_age
277,EleonoraRaffon,EleoRaff,middle_age
278,ShemBaglin,ShemBagl,middle_age
279,EmlynnHames,EmlyHame,middle_age
280,MelindaSturdgess,MeliStur,middle_age
281,ValentinoGrimsdell,ValeGrim,middle_age
282,LanaeHartness,LanaHart,middle_age
283,MahaliaNewns,MahaNewn,middle_age
284,ShandeighCarnilian,ShanCarn,middle_age
285,IdaliaHowse,IdalHows,middle_age
286,FelixArlow,FeliArlo,middle_age
287,WynDrillot,WynDril,middle_age
288,ConstantaTremblett,ConsTrem,middle_age
289,ConstantinWhordley,ConsWhor,middle_age
290,HewBarnwill,HewBarn,middle_age
291,BenditeGarrity,BendGarr,middle_age
292,NoelynWandrich,NoelWand,middle_age
293,BirchBeautyman,BircBeau,middle_age
294,AarikaFardell,AariFard,middle_age
295,TrishaVentham,TrisVent,middle_age
296,NanonHarcombe,NanoHarc,middle_age
297,DamianoClaxton,DamiClax,middle_age
298,BerkyMartina,BerkMart,middle_age
299,LucieStooke,LuciStoo,middle_age
300,EdmundD'Souza,EdmuD'So,middle_age
301,TodUnderhill,TodUnde,middle_age
302,RafaKorb,RafaKorb,middle_age
303,FrediPunyer,FredPuny,middle_age
304,MarchallCompston,MarcComp,middle_age
305,GawenGoldhawk,GaweGold,middle_age
306,TonnieMouatt,TonnMoua,middle_age
307,ErekKovacs,ErekKova,middle_age
308,NicolOppy,NicoOppy,middle_age
309,DionisRoche,DionRoch,middle_age
310,BruciePicton,BrucPict,middle_age
311,JemmieMeiningen,JemmMein,middle_age
312,JanineEtter,JaniEtte,middle_age
313,MordBuckler,MordBuck,middle_age
314,ShaylynSpanswick,ShaySpan,middle_age
315,JohnRuddell,JohnRudd,middle_age
316,InigoArthy,InigArth,middle_age
317,PaulaRiall,PaulRial,middle_age
318,AdairDeSousa,AdaiDeSo,middle_age
319,JosephinaJosefson,JoseJose,middle_age
320,OnfrePresshaugh,OnfrPres,middle_age
321,BaseSand,BaseSand,middle_age
322,ChiquiaMaysor,ChiqMays,middle_age
323,DunnRous,DunnRous,middle_age
324,CyndiAbrahamsen,CyndAbra,middle_age
325,NoelCotman,NoelCotm,middle_age
326,ClareyLofthouse,ClarLoft,middle_age
327,AllistirScullin,AlliScul,middle_age
328,ChevFeldbaum,ChevFeld,middle_age
329,ChickyScemp,ChicScem,middle_age
330,FabianVolonte,FabiVolo,middle_age
331,WadsworthFeron,WadsFero,middle_age
332,DerickBummfrey,DeriBumm,middle_age
333,EsraJurczak,EsraJurc,middle_age
334,ZoranaBotterell,ZoraBott,middle_age
335,BarbaraJaray,BarbJara,middle_age
336,BourkeSimonin,BourSimo,middle_age
337,RickiNaris,RickNari,middle_age
338,MereditheMcIvor,MereMcIv,middle_age
339,NickiePettigrew,NickPett,middle_age
340,SandersonBenediktsson,SandBene,middle_age
341,HilleryEllit,HillElli,middle_age
342,AmaleeRushby,AmalRush,middle_age
343,AlvieGlassup,AlviGlas,middle_age
344,StefanieKalvin,StefKalv,middle_age
345,GooberYsson,GoobYsso,middle_age
346,UlrikaumekoDanilowicz,UlriDani,middle_age
347,CullieThroughton,CullThro,middle_age
348,HillaryGwioneth,HillGwio,middle_age
349,EstherMoniker,EsthMoni,middle_age
350,RayIrvin,RayIrvi,middle_age
351,AbbyLonsbrough,AbbyLons,middle_age
352,LazarSobey,LazaSobe,middle_age
353,NadeanCurrm,NadeCurr,middle_age
354,IsaccoSteuart,IsacSteu,middle_age
355,MallorieTonbridge,MallTonb,middle_age
356,IreneTreversh,IrenTrev,middle_age
357,AppoloniaMacHarg,AppoMacH,middle_age
358,MaureSim,MaurSim,middle_age
359,GallardMitrikhin,GallMitr,middle_age
360,VitoriaFilasov,VitoFila,middle_age
361,LynnetHartzenberg,LynnHart,middle_age
362,AmosRuggen,AmosRugg,middle_age
363,CrosbyMeese,CrosMees,middle_age
364,GordonDwyr,GordDwyr,middle_age
365,NanaGrowcott,NanaGrow,middle_age
366,AbnerSamett,AbneSame,middle_age
367,DinoReen,DinoReen,middle_age
368,CaddricMaestrini,CaddMaes,middle_age
369,OrelKnobell,OrelKnob,middle_age
370,JudahTschiersch,JudaTsch,middle_age
371,SibelAntliff,SibeAntl,middle_age
372,ToniVentam,ToniVent,middle_age
373,CissieeChellam,CissChel,middle_age
374,AugustusLeile,AuguLeil,middle_age
375,GeraldineShalcras,GeraShal,middle_age
376,SumnerBoutwell,SumnBout,middle_age
377,MonaWickey,MonaWick,middle_age
378,DelorisPostgate,DeloPost,middle_age
379,GizelaBreitling,GizeBrei,middle_age
380,BetsyAnsteys,BetsAnst,middle_age
381,IlyseMcInulty,IlysMcIn,middle_age
382,ErmannoDrewitt,ErmaDrew,middle_age
383,AnselmaAldersea,AnseAlde,middle_age
384,KarlensKingsbury,KarlKing,middle_age
385,JeddyBanbrick,JeddBanb,middle_age
386,PackstonHarpin,PackHarp,middle_age
387,TamraCarabet,TamrCara,middle_age
388,KeeliaLewendon,KeelLewe,middle_age
389,TracieSimoncello,TracSimo,middle_age
390,ElsworthSans,ElswSans,middle_age
391,BabbetteTree,BabbTree,middle_age
392,AlickSeekings,AlicSeek,middle_age
393,GiuliettaSibylla,GiulSiby,middle_age
394,BambieFonso,BambFons,middle_age
395,GastonBrackstone,GastBrac,middle_age
396,TersinaBaish,TersBais,middle_age
397,EwanJosephson,EwanJose,middle_age
398,FonzFrayling,FonzFray,middle_age
399,HerculieBaglan,HercBagl,middle_age
400,TrishaLively,TrisLive,middle_age
401,VivCogar,VivCoga,middle_age
402,KaleenaGalway,KaleGalw,middle_age
403,EphremSee,EphrSee,middle_age
404,KierstenMcCullagh,KierMcCu,middle_age
405,DevonneWeatherburn,DevoWeat,middle_age
406,Neritadi Rocca,Neridi R,middle_age
407,RafaelloLunge,RafaLung,middle_age
408,BrendenPark,BrenPark,middle_age
409,DayleBestiman,DaylBest,middle_age
410,DaryaCrimmins,DaryCrim,middle_age
411,RosalyndCorain,RosaCora,middle_age
412,TerenceWarin,TereWari,middle_age
413,TraceeWinchcombe,TracWinc,middle_age
414,LeolineGrocott,LeolGroc,middle_age
415,GwynFinkle,GwynFink,middle_age
416,BrandonMarcussen,BranMarc,middle_age
417,KatineSwenson,KatiSwen,middle_age
418,MannieKelemen,MannKele,middle_age
419,LymanZylberdik,LymaZylb,middle_age
420,GarrotSpaight,GarrSpai,middle_age
421,JamaalSt. John,JamaSt. ,middle_age
422,NikolaStealfox,NikoStea,middle_age
423,RooneyNoulton,RoonNoul,middle_age
424,GuthrySherrott,GuthSher,middle_age
425,JustinianOliveras,JustOliv,middle_age
426,GayelordPidler,GayePidl,middle_age
427,YvesVye,YvesVye,middle_age
428,CarreeHeater,CarrHeat,middle_age
429,SopheyCharville,SophChar,middle_age
430,HaroldHookes,HaroHook,middle_age
431,WiniFrudd,WiniFrud,middle_age
432,JoeannMungan,JoeaMung,middle_age
433,NatashaVargas,NataVarg,middle_age
434,NollieCunnington,NollCunn,middle_age
435,EuphemiaLithgow,EuphLith,middle_age
436,SybylWolpert,SybyWolp,middle_age
437,ChadwickKarlmann,ChadKarl,middle_age
438,AlexandroChadwick,AlexChad,middle_age
439,HattyBettington,HattBett,middle_age
440,ShayneSertin,ShaySert,middle_age
441,AledaLavielle,AledLavi,middle_age
442,GuthreyCartman,GuthCart,middle_age
443,CarineBurth,CariBurt,middle_age
444,MargieLowrie,MargLowr,middle_age
445,KenProwse,KenProw,middle_age
446,JannelleShakspeare,JannShak,middle_age
447,SilvanaGreyes,SilvGrey,middle_age
448,GuglielmoWethers,GuglWeth,middle_age
449,SidGawkroge,SidGawk,middle_age
450,RutherfordVondrys,RuthVond,middle_age
451,LaurensCrosoer,LaurCros,middle_age
452,FrancescaGaukrodge,FranGauk,middle_age
453,VickySchiementz,VickSchi,middle_age
454,MicheleBrader,MichBrad,middle_age
455,BasilSlessar,BasiSles,middle_age
456,AlysBrash,AlysBras,middle_age
457,WrenMcGlaud,WrenMcGl,middle_age
458,CathyBolesma,CathBole,middle_age
459,OrranMcall,OrraMcal,middle_age
460,CarlyCroote,CarlCroo,middle_age
461,AliceDewick,AlicDewi,middle_age
462,JockKitchingman,JockKitc,middle_age
463,RebeccaStaite,RebeStai,middle_age
464,VivianneKittredge,ViviKitt,middle_age
465,OttoHindge,OttoHind,middle_age
466,CletisCinavas,CletCina,middle_age
467,GiovanniYes,GiovYes,middle_age
468,JeanelleRyder,JeanRyde,middle_age
469,MayePeddowe,MayePedd,middle_age
470,YolandeGoodanew,YolaGood,middle_age
471,GiustinaKett,GiusKett,middle_age
472,AdrianeCaret,AdriCare,middle_age
473,KarolinaO' Meara,KaroO' M,middle_age
474,GuendolenEighteen,GuenEigh,middle_age
475,LilasMcCaffery,LilaMcCa,middle_age
476,EmaliaBalser,EmalBals,middle_age
477,CissieeBattell,CissBatt,middle_age
478,DulciaMacCaughan,DulcMacC,middle_age
479,ZacharyLathan,ZachLath,middle_age
480,DianeKondratyuk,DianKond,middle_age
481,HomereBogays,HomeBoga,middle_age
482,KarelReis,KareReis,middle_age
483,TaddSkipworth,TaddSkip,middle_age
484,PatsySapauton,PatsSapa,middle_age
485,BobbetteAbramovitch,BobbAbra,middle_age
486,BlaneMonckton,BlanMonc,middle_age
487,EthelredTembridge,EtheTemb,middle_age
488,MarinGatheridge,MariGath,middle_age
489,DarcyEdgeson,DarcEdge,middle_age
490,EleniWhitehorne,ElenWhit,middle_age
491,QuinnMarch,QuinMarc,middle_age
492,ZelmaStouther,ZelmStou,middle_age
493,KoryBurris,KoryBurr,middle_age
494,GiacoboPegler,GiacPegl,middle_age
495,MeganThurstance,MegaThur,middle_age
496,ShirleyJagels,ShirJage,middle_age
497,DulcePardi,DulcPard,middle_age
498,CorinneAdshead,CoriAdsh,middle_age
499,OrlyHaruard,OrlyHaru,middle_age
500,KlimentLummus,KlimLumm,middle_age
501,AnastassiaAshelford,AnasAshe,middle_age
502,CurcioFiggs,CurcFigg,middle_age
503,AllynHesse,AllyHess,middle_age
504,AmataGiles,AmatGile,middle_age
505,EngelbertParmeter,EngeParm,middle_age
506,LannySinton,LannSint,middle_age
507,LeanorGillett,LeanGill,middle_age
508,RamondaDavidzon,RamoDavi,middle_age
509,VladBellam,VladBell,middle_age
510,FeyAstman,FeyAstm,middle_age
511,EirenaWilshaw,EireWils,middle_age
512,LouellaNicolson,LoueNico,middle_age
513,CarylWrenn,CaryWren,middle_age
514,RomolaAddeycott,RomoAdde,middle_age
515,PamO' Mara,PamO' M,middle_age
516,CarolineLe Fevre,CaroLe F,middle_age
517,DasieDomoni,DasiDomo,middle_age
518,AvritTrimble,AvriTrim,middle_age
519,AugustoFriend,AuguFrie,middle_age
520,TimmyBreen,TimmBree,middle_age
521,JacksonDilston,JackDils,middle_age
522,JenoIllidge,JenoIlli,middle_age
523,GillyBucknell,GillBuck,middle_age
524,MufiGriffin,MufiGrif,middle_age
525,IraFulker,IraFulk,middle_age
526,ObidiahStapford,ObidStap,middle_age
527,LollyHambatch,LollHamb,middle_age
528,SheelahStendell,SheeSten,middle_age
529,AronKeyho,AronKeyh,middle_age
530,JoanieKynge,JoanKyng,middle_age
531,GwenethScutt,GwenScut,middle_age
532,RonnyBriand,RonnBria,middle_age
533,InnaBouldstridge,InnaBoul,middle_age
534,JeanaGunthorp,JeanGunt,middle_age
535,EnricaSima,EnriSima,middle_age
536,RandieZiebart,RandZieb,middle_age
537,ConanJuares,ConaJuar,middle_age
538,AluinBreeze,AluiBree,middle_age
539,BaronDavydkov,BaroDavy,middle_age
540,BrynaVallentine,BrynVall,middle_age
541,ErdaDyer,ErdaDyer,middle_age
542,FreddieDagnall,FredDagn,middle_age
543,SergentLaws,SergLaws,middle_age
544,WallasCruce,WallCruc,middle_age
545,JessalynLeipnik,JessLeip,middle_age
546,RemyThrasher,RemyThra,middle_age
547,PollyannaShepcutt,PollShep,middle_age
548,LenoraBlaisdell,LenoBlai,middle_age
549,LetishaWasiel,LetiWasi,middle_age
550,HeinrikKaindl,HeinKain,middle_age
551,AubeJoyner,AubeJoyn,middle_age
552,RenaeMcCourtie,RenaMcCo,middle_age
553,PadriacStapells,PadrStap,middle_age
554,NickolausInd,NickInd,middle_age
555,BrendinWann,BrenWann,middle_age
556,ThibautShambrooke,ThibSham,middle_age
557,LillisHallawell,LillHall,middle_age
558,RaniaClearley,RaniClea,middle_age
559,BrigitteDavidesco,BrigDavi,middle_age
560,GageFilipchikov,GageFili,middle_age
561,ChristianoFownes,ChriFown,middle_age
562,LorettaDyshart,LoreDysh,middle_age
563,MortMcAteer,MortMcAt,middle_age
564,BailieRameaux,BailRame,middle_age
565,PerkinSkyner,PerkSkyn,middle_age
566,KainZanettini,KainZane,middle_age
567,AmelitaBuckenhill,AmelBuck,middle_age
568,MyrnaYoodall,MyrnYood,middle_age
569,IndiraBusse,IndiBuss,middle_age
570,CarilynNisuis,CariNisu,middle_age
571,ErinCohrs,ErinCohr,middle_age
572,DenneyStaff,DennStaf,middle_age
573,BambiBoyce,BambBoyc,middle_age
574,CarlinTolussi,CarlTolu,middle_age
575,TuckHunnicot,TuckHunn,middle_age
576,JosephineWrathall,JoseWrat,middle_age
577,LouellaBatterham,LoueBatt,middle_age
578,MerrillSinnie,MerrSinn,middle_age
579,EvanEbbitt,EvanEbbi,middle_age
580,KlarrisaKittman,KlarKitt,middle_age
581,StinkyBaxandall,StinBaxa,middle_age
582,HayesGodain,HayeGoda,middle_age
583,KatyaSommersett,KatySomm,middle_age
584,PrinceMcGrouther,PrinMcGr,middle_age
585,LionToler,LionTole,middle_age
586,GaynorGeorgievski,GaynGeor,middle_age
587,JustisMcLenaghan,JustMcLe,middle_age
588,AshienIngarfill,AshiInga,middle_age
589,CelieMcVity,CeliMcVi,middle_age
590,IngeMcClymond,IngeMcCl,middle_age
591,HettiCopping,HettCopp,middle_age
592,Brynde Quincey,Brynde Q,middle_age
593,TripRidolfi,TripRido,middle_age
594,KristoSammes,KrisSamm,middle_age
595,CullieBlurton,CullBlur,middle_age
596,DarelleCraggs,DareCrag,middle_age
597,AdrianaBasant,AdriBasa,middle_age
598,SonjaNewton,SonjNewt,middle_age
599,ElwiraKropach,ElwiKrop,middle_age
600,JodieGhelardoni,JodiGhel,middle_age
601,MimiBacke,MimiBack,middle_age
602,AraFoggo,AraFogg,middle_age
603,JoleenBoutton,JoleBout,middle_age
604,MollySpalding,MollSpal,middle_age
605,AdelFranscioni,AdelFran,middle_age
606,KimbellCapozzi,KimbCapo,middle_age
607,LisbethLe Noir,LisbLe N,middle_age
608,RhetaThirtle,RhetThir,middle_age
609,RaslaPawel,RaslPawe,middle_age
610,AlenaBachelor,AlenBach,middle_age
611,EarleHouchen,EarlHouc,middle_age
612,GlendaFisbburne,GlenFisb,middle_age
613,HestherWeins,HestWein,middle_age
614,WareWallace,WareWall,middle_age
615,EadaGinsie,EadaGins,middle_age
616,AmberCausier,AmbeCaus,middle_age
617,DacieSilverstone,DaciSilv,middle_age
618,DenverIson,DenvIson,middle_age
619,CalLace,CalLace,middle_age
620,CarolinaHankinson,CaroHank,middle_age
621,RoanaYantsev,RoanYant,middle_age
622,InesitaNetherclift,InesNeth,middle_age
623,OzzyCavey,OzzyCave,middle_age
624,TallyBoeck,TallBoec,middle_age
625,GilbertoBeardsdale,GilbBear,middle_age
626,RositaVenn,RosiVenn,middle_age
627,YancyLafayette,YancLafa,middle_age
628,MarileeJarrett,MariJarr,middle_age
629,CaritaMattia,CariMatt,middle_age
630,TerrelCuttle,TerrCutt,middle_age
631,ErrollMcKew,ErroMcKe,middle_age
632,LockeEccleshare,LockEccl,middle_age
633,EnrikaAntoshin,EnriAnto,middle_age
634,DanilaBisp,DaniBisp,middle_age
635,AlexinaChristy,AlexChri,middle_age
636,VonnyShallcross,VonnShal,middle_age
637,GiffyToth,GiffToth,middle_age
638,ZaharaPellamont,ZahaPell,middle_age
639,LarkIbberson,LarkIbbe,middle_age
640,FrederiqueCadagan,FredCada,middle_age
641,MyrillaCathro,MyriCath,middle_age
642,AlishaTranfield,AlisTran,middle_age
643,MableBalthasar,MablBalt,middle_age
644,JessaHarhoff,JessHarh,middle_age
645,SpikeFullilove,SpikFull,middle_age
646,ArleenCordet,ArleCord,middle_age
647,WillyHeskey,WillHesk,middle_age
648,JobBeesley,JobBees,middle_age
649,BaudoinVanne,BaudVann,middle_age
650,LoretteFawdry,LoreFawd,middle_age
651,LibbyFernehough,LibbFern,middle_age
652,HobeyDightham,HobeDigh,middle_age
653,AinsleeFeedham,AinsFeed,middle_age
654,RozalinVan Leeuwen,RozaVan ,middle_age
655,LeonardBowyer,LeonBowy,middle_age
656,ReebaKissock,ReebKiss,middle_age
657,LaurynCammis,LaurCamm,middle_age
658,FreddiePadwick,FredPadw,middle_age
659,InnessElcom,InneElco,middle_age
660,DenysMeachan,DenyMeac,middle_age
661,BryantPauletto,BryaPaul,middle_age
662,StefaniaCattle,StefCatt,middle_age
663,NorrisDe Andisie,NorrDe A,middle_age
664,EbertoParley,EberParl,middle_age
665,MinorBrimilcombe,MinoBrim,middle_age
666,HobartJeenes,HobaJeen,middle_age
667,VannyLAbbet,VannLAbb,middle_age
668,BernyGuice,BernGuic,middle_age
669,FeleciaRoundtree,FeleRoun,middle_age
670,MilenaGirardengo,MileGira,middle_age
671,BenitaBarok,BeniBaro,middle_age
672,HumfreyMcAirt,HumfMcAi,middle_age
673,KarelMaciak,KareMaci,middle_age
674,MargoChestle,MargChes,middle_age
675,NadiyaLeaning,NadiLean,middle_age
676,MariannGildersleeve,MariGild,middle_age
677,GerardKrishtopaittis,GeraKris,middle_age
678,CherylLamswood,CherLams,middle_age
679,BentGarvill,BentGarv,middle_age
680,BentTurney,BentTurn,middle_age
681,RyannMcIsaac,RyanMcIs,middle_age
682,ArdisBrownbridge,ArdiBrow,middle_age
683,OssieAharoni,OssiAhar,middle_age
684,LydaVallens,LydaVall,middle_age
685,ShaylynGhione,ShayGhio,middle_age
686,NolanCornill,NolaCorn,middle_age
687,DareenManoelli,DareMano,middle_age
688,AureaMaggi,AureMagg,middle_age
689,CharlineFollitt,CharFoll,middle_age
690,LucillePaulley,LuciPaul,middle_age
691,BlinniSlarke,BlinSlar,middle_age
692,RayeLockwood,RayeLock,middle_age
693,PamKacheller,PamKach,middle_age
694,MerielHumblestone,MeriHumb,middle_age
695,CheslieDaen,ChesDaen,middle_age
696,DariusMingame,DariMing,middle_age
697,AlisaRiste,AlisRist,middle_age
698,HarwilllFedynski,HarwFedy,middle_age
699,PenniDrakard,PennDrak,middle_age
700,AnetFleay,AnetFlea,middle_age
701,ManConiff,ManConi,middle_age
702,GooberCarradice,GoobCarr,middle_age
703,WorthySalsberg,WortSals,middle_age
704,CamellaFowley,CameFowl,middle_age
705,GeorgiaBothram,GeorBoth,middle_age
706,WolfiePedracci,WolfPedr,middle_age
707,AugustineAstie,AuguAsti,middle_age
708,VivaGiotto,VivaGiot,middle_age
709,AustineDuddin,AustDudd,middle_age
710,DagnySheerman,DagnShee,middle_age
711,SilvesterChatin,SilvChat,middle_age
712,PhyllisLoach,PhylLoac,middle_age
713,GibKelsell,GibKels,middle_age
714,RobersArnason,RobeArna,middle_age
715,BenjieMarrow,BenjMarr,middle_age
716,TerranceFipp,TerrFipp,middle_age
717,LoralieDowsey,LoraDows,middle_age
718,LettyFieldgate,LettFiel,middle_age
719,GardinerLinke,GardLink,middle_age
720,OlinHalburton,OlinHalb,middle_age
721,VirgeRobrow,VirgRobr,middle_age
722,AlexinaLittle,AlexLitt,middle_age
723,JerryleeGussie,JerrGuss,middle_age
724,VelvetGabitis,VelvGabi,middle_age
725,TamarraFarley,TamaFarl,middle_age
726,GabrieleSpellward,GabrSpel,middle_age
727,KahlilOsgood,KahlOsgo,middle_age
728,TristaPrescote,TrisPres,middle_age
729,ColeneBenns,ColeBenn,middle_age
730,AnnissaDongles,AnniDong,middle_age
731,CullanRobertot,CullRobe,middle_age
732,MaxieCowton,MaxiCowt,middle_age
733,ErasmusVian,ErasVian,middle_age
734,StanfieldDanielski,StanDani,middle_age
735,DaphnaGuyer,DaphGuye,middle_age
736,GiudittaKauffman,GiudKauf,middle_age
737,EdmundVuitte,EdmuVuit,middle_age
738,GennieMinall,GennMina,middle_age
739,FarBromfield,FarBrom,middle_age
740,KynthiaWhaley,KyntWhal,middle_age
741,MignonneLyngsted,MignLyng,middle_age
742,FerneElizabeth,FernEliz,middle_age
743,NikiAxell,NikiAxel,middle_age
744,HenrietaFlaubert,HenrFlau,middle_age
745,BairdGeck,BairGeck,middle_age
746,AntinHendren,AntiHend,middle_age
747,ArnyMilazzo,ArnyMila,middle_age
748,NicholeHaime,NichHaim,middle_age
749,CorrinnePren,CorrPren,middle_age
750,GarrikPuzey,GarrPuze,middle_age
751,AlardO'Sheils,AlarO'Sh,middle_age
752,ShariLynds,SharLynd,middle_age
753,KymBees,KymBees,middle_age
754,GarvyVan Rembrandt,GarvVan ,middle_age
755,AndreMacDonough,AndrMacD,middle_age
756,SkylerDoughartie,SkylDoug,middle_age
757,MarlineAdolfsen,MarlAdol,middle_age
758,RosettaLammerich,RoseLamm,middle_age
759,PriscaDorro,PrisDorr,middle_age
760,EditaKornas,EditKorn,middle_age
761,ObieConcannon,ObieConc,middle_age
762,JustinianFraulo,JustFrau,middle_age
763,GustaveWoolner,GustWool,middle_age
764,RodCubin,RodCubi,middle_age
765,KimberlynDewar,KimbDewa,middle_age
766,LeilahRolfs,LeilRolf,middle_age
767,BeverieAbbs,BeveAbbs,middle_age
768,SheaMcMechan,SheaMcMe,middle_age
769,CamiGosford,CamiGosf,middle_age
770,TannyBidmead,TannBidm,middle_age
771,MattMackstead,MattMack,middle_age
772,BritniKowal,BritKowa,middle_age
773,ZarlaRichardsson,ZarlRich,middle_age
774,AbagailCanet,AbagCane,middle_age
775,CrissieQuartermain,CrisQuar,middle_age
776,AngelikaLyard,AngeLyar,middle_age
777,DeniceBetty,DeniBett,middle_age
778,TitoMohring,TitoMohr,middle_age
779,DarylSamuel,DarySamu,middle_age
780,AnyCoper,AnyCope,middle_age
781,BabitaDenisard,BabiDeni,middle_age
782,FlorenceHierro,FlorHier,middle_age
783,PavelRaubenheimers,PaveRaub,middle_age
784,FinlayGoney,FinlGone,middle_age
785,XenosStebbings,XenoSteb,middle_age
786,NatalOngin,NataOngi,middle_age
787,AshilAncliff,AshiAncl,middle_age
788,ArianaSore,AriaSore,middle_age
789,WildenAlberts,WildAlbe,middle_age
790,JillieRoglieri,JillRogl,middle_age
791,PapagenaDunstan,PapaDuns,middle_age
792,NestaTildesley,NestTild,middle_age
793,WillisLinnemann,WillLinn,middle_age
794,SosannaJemison,SosaJemi,middle_age
795,BuironWyldbore,BuirWyld,middle_age
796,JakobDrinkale,JakoDrin,middle_age
797,JessamineCroneen,JessCron,middle_age
798,DaronGladdin,DaroGlad,middle_age
799,ZoranaGrassot,ZoraGras,middle_age
800,LorraineMagwood,LorrMagw,middle_age
801,SaschaCeyssen,SascCeys,middle_age
802,EdiMaslin,EdiMasl,middle_age
803,BrandeBeldum,BranBeld,middle_age
804,TammieAksell,TammAkse,middle_age
805,VonHorsell,VonHors,middle_age
806,KenyonGallally,KenyGall,middle_age
807,ThorstenPaolone,ThorPaol,middle_age
808,SellaCrayton,SellCray,middle_age
809,DaniellaDetloff,DaniDetl,middle_age
810,LeliaCanto,LeliCant,middle_age
811,CherlynPfaff,CherPfaf,middle_age
812,TullBerthome,TullBert,middle_age
813,PortiaSisneros,PortSisn,middle_age
814,PerleMoralee,PerlMora,middle_age
815,GerladinaMacDearmaid,GerlMacD,middle_age
816,RebeccaBaffin,RebeBaff,middle_age
817,DonovanOneal,DonoOnea,middle_age
818,BrideHessle,BridHess,middle_age
819,AlexinaMitchley,AlexMitc,middle_age
820,JuanBlakesley,JuanBlak,middle_age
821,StephaniCammoile,StepCamm,middle_age
822,GherardoCausey,GherCaus,middle_age
823,HattyStanley,HattStan,middle_age
824,MerrillSollowaye,MerrSoll,middle_age
825,OdellaApperley,OdelAppe,middle_age
826,BoneLembcke,BoneLemb,middle_age
827,MommyJahn,MommJahn,middle_age
828,KristoforoOutright,KrisOutr,middle_age
829,BendixSarginson,BendSarg,middle_age
830,EditheWillmetts,EditWill,middle_age
831,MillicentCaccavella,MillCacc,middle_age
832,NiallBrunke,NialBrun,middle_age
833,HermieBelchambers,HermBelc,middle_age
834,HaganGaynor,HagaGayn,middle_age
835,BengtOrmston,BengOrms,middle_age
836,SusieZanicchi,SusiZani,middle_age
837,SandyGosselin,SandGoss,middle_age
838,LorraineFilippyev,LorrFili,middle_age
839,FranciskaWilmot,FranWilm,middle_age
840,BranderKlejna,BranKlej,middle_age
841,ManonPordall,ManoPord,middle_age
842,StewardDaen,StewDaen,middle_age
843,MandaLampitt,MandLamp,middle_age
844,DaronLidgey,DaroLidg,middle_age
845,DoreyJeenes,DoreJeen,middle_age
846,HumbertLyokhin,HumbLyok,middle_age
847,DruBradmore,DruBrad,middle_age
848,DuaneEstick,DuanEsti,middle_age
849,ClyCathesyed,ClyCath,middle_age
850,GarFyers,GarFyer,middle_age
851,JenicaMcQuaid,JeniMcQu,middle_age
852,LeonoraKrienke,LeonKrie,middle_age
853,MarylynneLaffan,MaryLaff,middle_age
854,AmelineOrth,AmelOrth,middle_age
855,RenatoDunbabin,RenaDunb,middle_age
856,NevinKilcullen,NeviKilc,middle_age
857,AniaAddicote,AniaAddi,middle_age
858,BenedettaMobley,BeneMobl,middle_age
859,TarraDe-Ville,TarrDe-V,middle_age
860,ShandieFerrea,ShanFerr,middle_age
861,RozalieLaminman,RozaLami,middle_age
862,GatesKinman,GateKinm,middle_age
863,MitziRowdell,MitzRowd,middle_age
864,WinnifredDevennie,WinnDeve,middle_age
865,VioletBeecraft,ViolBeec,middle_age
866,DukeHanrahan,DukeHanr,middle_age
867,EleniSaer,ElenSaer,middle_age
868,ChandaJurek,ChanJure,middle_age
869,FeodorHuttley,FeodHutt,middle_age
870,AsaMatveichev,AsaMatv,middle_age
871,EmmettGibbons,EmmeGibb,middle_age
872,WebHamberstone,WebHamb,middle_age
873,RriocardBenesevich,RrioBene,middle_age
874,Anne-marieMcCombe,AnneMcCo,middle_age
875,MariskaBrigdale,MariBrig,middle_age
876,CharleneJuliff,CharJuli,middle_age
877,AmaraFreddi,AmarFred,middle_age
878,TabathaIvanchikov,TabaIvan,middle_age
879,JessieHuburn,JessHubu,middle_age
880,Jo-annWillcox,Jo-aWill,middle_age
881,VinitaOleszcuk,ViniOles,middle_age
882,NaomiWensley,NaomWens,middle_age
883,MatthaeusSpriggen,MattSpri,middle_age
884,GareBrackstone,GareBrac,middle_age
885,CathyleenVannikov,CathVann,middle_age
886,MerleIves,MerlIves,middle_age
887,GeorgetaRicardet,GeorRica,middle_age
888,AdrianaTozer,AdriToze,middle_age
889,OsbertCoarser,OsbeCoar,middle_age
890,SimWinkle,SimWink,middle_age
891,KymAsquez,KymAsqu,middle_age
892,AlickSeywood,AlicSeyw,middle_age
893,AllieBlesing,AlliBles,middle_age
894,WolfBeevors,WolfBeev,middle_age
895,EvangeliaJaques,EvanJaqu,middle_age
896,RobenaEates,RobeEate,middle_age
897,GennaUbee,GennUbee,middle_age
898,AxeMacGillacolm,AxeMacG,middle_age
899,GaeCranmer,GaeCran,middle_age
900,QueenieScrowby,QueeScro,middle_age
901,ValenkaKliemke,ValeKlie,middle_age
902,CourtAinsley,CourAins,middle_age
903,GermaineAtlay,GermAtla,middle_age
904,AguistinBrobeck,AguiBrob,middle_age
905,LeonardoCornehl,LeonCorn,middle_age
906,WaylenThorold,WaylThor,middle_age
907,MoreenCaen,MoreCaen,middle_age
908,KarleeMawne,KarlMawn,middle_age
909,MarlenaJeduch,MarlJedu,middle_age
910,HercTasseler,HercTass,middle_age
911,DoriMacPeice,DoriMacP,middle_age
912,NertieClerk,NertCler,middle_age
913,BurtyRevie,BurtRevi,middle_age
914,GranthemReyna,GranReyn,middle_age
915,MatthusBarwis,MattBarw,middle_age
916,LaceyPither,LacePith,middle_age
917,FelipaBernardos,FeliBern,middle_age
918,TonnieMawman,TonnMawm,middle_age
919,SiDeroche,SiDero,middle_age
920,IrvingBridgewood,IrviBrid,middle_age
921,RichieFitzAlan,RichFitz,middle_age
922,YulmaDovidian,YulmDovi,middle_age
923,NormaRodriguez,NormRodr,middle_age
924,GerriBenley,GerrBenl,middle_age
925,LoriaBotterman,LoriBott,middle_age
926,LuisLoomis,LuisLoom,middle_age
927,KelwinJahnisch,KelwJahn,middle_age
928,ArvieDowbekin,ArviDowb,middle_age
929,GraziaPeidro,GrazPeid,middle_age
930,EimileProffitt,EimiProf,middle_age
931,AntoineTayt,AntoTayt,middle_age
932,MarisaHolt,MariHolt,middle_age
933,DodieSully,DodiSull,middle_age
934,StanleighFerrer,StanFerr,middle_age
935,NoniO'Lunney,NoniO'Lu,middle_age
936,TimmieTummons,TimmTumm,middle_age
937,LouGilffillan,LouGilf,middle_age
938,TalbotGanley,TalbGanl,middle_age
939,BerriNafziger,BerrNafz,middle_age
940,MartheGusney,MartGusn,middle_age
941,SilvaClardge,SilvClar,middle_age
942,GuiBlachford,GuiBlac,middle_age
943,ThorDurrad,ThorDurr,middle_age
944,MoseMulryan,MoseMulr,middle_age
945,MayorPalumbo,MayoPalu,middle_age
946,LaurenceBeddon,LaurBedd,middle_age
947,AlvisFerrari,AlviFerr,middle_age
948,OlenkaGalfour,OlenGalf,middle_age
949,GunarMcGorman,GunaMcGo,middle_age
950,StaceRobyns,StacRoby,middle_age
951,MischaIzakson,MiscIzak,middle_age
952,JeddyDreghorn,JeddDreg,middle_age
953,FredericaLunk,FredLunk,middle_age
954,WheelerCorah,WheeCora,middle_age
955,NoemiStronghill,NoemStro,middle_age
956,LaurianneSiveyer,LaurSive,middle_age
957,NorbieDrinkall,NorbDrin,middle_age
958,RaquelPeckham,RaquPeck,middle_age
959,KatinkaGerrish,KatiGerr,middle_age
960,SwenHazeldene,SwenHaze,middle_age
961,ColleenNicklinson,CollNick,middle_age
962,HoldenHendriksen,HoldHend,middle_age
963,NiallAirth,NialAirt,middle_age
964,IngelbertBartrop,IngeBart,middle_age
965,NettaMoreside,NettMore,middle_age
966,BinkyGulvin,BinkGulv,middle_age
967,BebeMallord,BebeMall,middle_age
968,Holly-anneGiovanazzi,HollGiov,middle_age
969,GaultieroDietsche,GaulDiet,middle_age
970,RobinBreacher,RobiBrea,middle_age
971,JaeEckh,JaeEckh,middle_age
972,BernetteImmings,BernImmi,middle_age
973,BordenKivlehan,BordKivl,middle_age
974,HarleneBumfrey,HarlBumf,middle_age
975,KylaRawet,KylaRawe,middle_age
976,LisettaCanner,LiseCann,middle_age
977,MegKyles,MegKyle,middle_age
978,FrancesPowton,FranPowt,middle_age
979,ArmandPritchard,ArmaPrit,middle_age
980,RivyPurdey,RivyPurd,middle_age
981,LandCruces,LandCruc,middle_age
982,StuAlcoran,StuAlco,middle_age
983,RobinetNoel,RobiNoel,middle_age
984,FranklinLaroze,FranLaro,middle_age
985,HaganO'Kinneally,HagaO'Ki,middle_age
986,LanieLaughren,LaniLaug,middle_age
987,PaigeMasseo,PaigMass,middle_age
988,KallyRawlence,KallRawl,middle_age
989,LeannHenden,LeanHend,middle_age
990,ReinaScogin,ReinScog,middle_age
991,FaricaSilley,FariSill,middle_age
992,EtanWayte,EtanWayt,middle_age
993,JerrileeManzell,JerrManz,middle_age
994,AnnabalMassingham,AnnaMass,middle_age
995,SayresWeiner,SayrWein,middle_age
996,ConneyCromarty,ConnCrom,middle_age
997,GustyMyott,GustMyot,middle_age
998,WyeRousby,WyeRous,middle_age
999,BeckieRubinsky,BeckRubi,middle_age
